{
  "Scotland": 1802.9880867149245,
  "England": 2066.5019330794444,
  "Wales": 1738.6140838834626,
  "Northern Ireland": 1625.7549447262131,
  "United States": 1863.1524442901516,
  "Canada": 1844.7678378110506,
  "Uruguay": 1928.7144119723455,
  "Argentina": 2147.9881729796507,
  "Austria": 1869.449553325683,
  "Hungary": 1746.7054248225015,
  "Czechoslovakia": 1771.908859155898,
  "Belgium": 1932.0319171680696,
  "France": 2092.3862051768315,
  "Switzerland": 1902.3371809742512,
  "Guernsey": 1749.5967797852695,
  "Alderney": 1089.2252416266663,
  "Jersey": 1783.0464710940744,
  "Netherlands": 1987.2855325891458,
  "Guyana": 1468.3821900223152,
  "Trinidad and Tobago": 1526.811317253201,
  "South Africa": 1655.927007661917,
  "Germany": 1998.9608022373388,
  "Sweden": 1799.4767701875944,
  "Norway": 1912.9539983111754,
  "Denmark": 1893.6892852769279,
  "Italy": 1911.3559998504657,
  "Chile": 1773.8298904835217,
  "Russia": 1817.9449623305484,
  "Finland": 1603.0965397897235,
  "Luxembourg": 1432.005556263309,
  "Catalonia": 1609.2424322331742,
  "Philippines": 1348.4567774933535,
  "China": 1563.3500735004422,
  "Brazil": 2036.6147050639543,
  "Basque Country": 1758.3026096682313,
  "Japan": 1970.2964532320452,
  "Paraguay": 1816.4722447976321,
  "Romania": 1680.4565204503722,
  "Greece": 1764.3567344605485,
  "Yugoslavia": 1809.845727253342,
  "Spain": 2135.501752960172,
  "Egypt": 1788.1352290880382,
  "Estonia": 1432.269410021099,
  "Suriname": 1566.7526134469638,
  "Provence": 1529.8964205693508,
  "Costa Rica": 1729.4719985340184,
  "El Salvador": 1500.3811534821118,
  "Guatemala": 1617.8767444292307,
  "Portugal": 1996.9568489373883,
  "Poland": 1764.562477578487,
  "Brittany": 1502.1721345587514,
  "New Zealand": 1759.5200121117578,
  "Australia": 1903.857270090621,
  "Latvia": 1340.1085671569122,
  "Galicia": 1517.532987118347,
  "Central Spain": 1496.2998516376285,
  "Mexico": 1930.945950125248,
  "Andalusia": 1568.044803152126,
  "Asturias": 1512.4806686586983,
  "Lithuania": 1333.5533740762223,
  "Turkey": 1849.8793357484537,
  "Aruba": 1228.369170686323,
  "Curaçao": 1586.4116353940508,
  "Bulgaria": 1529.6032388511255,
  "Republic of Ireland": 1722.7978829520662,
  "Haiti": 1658.3827808725914,
  "Jamaica": 1652.7465886079042,
  "Kenya": 1474.6411980023768,
  "Uganda": 1517.8040825081089,
  "Bolivia": 1671.7909866726802,
  "Peru": 1755.6389736686244,
  "Honduras": 1666.3072164903244,
  "Belarus": 1532.153277857741,
  "Ukraine": 1800.1711766743751,
  "Barbados": 1189.770318721996,
  "Nicaragua": 1479.0643159495673,
  "Cuba": 1403.0001859973584,
  "Martinique": 1498.2312055210307,
  "Dominica": 1206.308320452533,
  "Silesia": 1514.5071333405695,
  "Guadeloupe": 1523.7233014223532,
  "Israel": 1651.3450029472604,
  "Indonesia": 1498.3654227204163,
  "French Guiana": 1474.4473368280637,
  "Saint Lucia": 1259.5487999794186,
  "Colombia": 2031.696214939277,
  "Panama": 1768.654081452031,
  "Venezuela": 1779.7910691844552,
  "Ecuador": 1928.8780675312426,
  "Saint Kitts and Nevis": 1309.8952688839906,
  "Grenada": 1305.00381474012,
  "India": 1307.537361320683,
  "Slovakia": 1695.4994938066254,
  "Manchukuo": 1431.0119665364014,
  "Croatia": 1918.2099639090336,
  "Lebanon": 1455.0130142704127,
  "Puerto Rico": 1377.9246868805672,
  "Afghanistan": 1229.3170494535836,
  "Iran": 1876.3696722708835,
  "Mongolia": 1057.0614969144424,
  "Tanzania": 1429.5373344834916,
  "Zimbabwe": 1464.6275491473991,
  "Zambia": 1542.0242828782923,
  "Iceland": 1602.1269263000356,
  "Albania": 1633.1416533763208,
  "Montenegro": 1511.4373298025826,
  "Madagascar": 1491.4861090595464,
  "Mauritius": 1229.9951724861628,
  "Réunion": 1599.5410805005117,
  "Zanzibar": 1551.1268942929885,
  "Djibouti": 1064.809679305836,
  "Ethiopia": 1404.3738518664168,
  "DR Congo": 1732.254544032864,
  "South Korea": 1876.4035408081515,
  "Vietnam": 1499.3121204633453,
  "Macau": 921.9810242525691,
  "Dominican Republic": 1476.6344134652484,
  "Cyprus": 1367.3247866640768,
  "Sierra Leone": 1456.4671961520073,
  "Nigeria": 1836.0319480279254,
  "Syria": 1583.105185965365,
  "Serbia": 1777.4261650006804,
  "Taiwan": 1115.683319434124,
  "Ghana": 1670.3271888102302,
  "Myanmar": 1160.0039310494958,
  "New Caledonia": 1622.1872332465489,
  "Vanuatu": 1479.6690155987783,
  "Fiji": 1446.6658921278768,
  "Pakistan": 1113.2839470212216,
  "Sri Lanka": 1024.4236005296714,
  "German DR": 1699.9967006499344,
  "Tahiti": 1537.6369255128125,
  "Gambia": 1513.1015593378222,
  "Hong Kong": 1376.4986782064047,
  "Singapore": 1309.092046980479,
  "Malaysia": 1482.864498693712,
  "Guinea-Bissau": 1379.907331936032,
  "Saarland": 1460.535712089776,
  "Burundi": 1398.4063901265938,
  "Cameroon": 1709.007934342804,
  "Kernow": 1577.7127583514664,
  "Cambodia": 1107.9766605265804,
  "Thailand": 1558.952073214674,
  "Vietnam Republic": 1396.355262995235,
  "Kyrgyzstan": 1456.6331140599675,
  "Moldova": 1303.3053024297656,
  "North Vietnam": 1505.3955630880837,
  "Togo": 1481.6833612455544,
  "North Korea": 1495.285901594386,
  "Sudan": 1450.7518820906566,
  "Malta": 1322.80422065586,
  "Tunisia": 1693.9224592373248,
  "Libya": 1533.2192855357607,
  "Malawi": 1444.700047989223,
  "Morocco": 1953.7507415141995,
  "Benin": 1522.9243007046598,
  "Cape Verde": 1659.7625347217404,
  "Ivory Coast": 1817.7279883826582,
  "Burkina Faso": 1641.2439951283984,
  "Gabon": 1534.5414157002745,
  "Congo": 1372.1135953404466,
  "Mali": 1695.7010812779477,
  "Central African Republic": 1365.2628823658574,
  "Iraq": 1701.8975267784854,
  "Saint Vincent and the Grenadines": 1352.968923463912,
  "Senegal": 1864.8724074206168,
  "Laos": 980.6076236758119,
  "Chad": 1273.2751714188885,
  "Niger": 1463.0533616914568,
  "Mauritania": 1438.7531039425241,
  "Liberia": 1432.1705004311193,
  "Guinea": 1569.3581325682176,
  "Algeria": 1842.359900350657,
  "Kuwait": 1482.181649662572,
  "Jordan": 1729.2548460934058,
  "Papua New Guinea": 1484.2379354821624,
  "Solomon Islands": 1442.2890113036663,
  "Somalia": 1058.1414323146328,
  "Saudi Arabia": 1699.669619002075,
  "Bermuda": 1359.8599779734548,
  "Palestine": 1565.585544361458,
  "Bahrain": 1558.9488329637393,
  "Yemen": 1314.7593193398277,
  "Oman": 1596.6036855440923,
  "Wallis Islands and Futuna": 1316.7384500570668,
  "Corsica": 1543.552178000854,
  "Western Australia": 1432.6172960795764,
  "Eswatini": 1327.2789307155742,
  "Botswana": 1406.2967106548283,
  "Qatar": 1611.521824752328,
  "Lesotho": 1396.2738199098776,
  "Bahamas": 1040.7741685387525,
  "Brunei": 933.3297147068934,
  "Cook Islands": 1167.863987052042,
  "Yemen DPR": 1363.2721175452684,
  "United Arab Emirates": 1665.5345311314795,
  "Faroe Islands": 1395.7382059012498,
  "Nepal": 1142.2329470781244,
  "Antigua and Barbuda": 1213.9071496965123,
  "Bangladesh": 1149.3416933649523,
  "Seychelles": 1040.1340952540595,
  "Equatorial Guinea": 1467.6210995896665,
  "Mozambique": 1478.860826034652,
  "Guam": 1023.4178557185026,
  "Angola": 1573.562286894396,
  "São Tomé and Príncipe": 1205.2635816468169,
  "Rwanda": 1455.540348292162,
  "Northern Cyprus": 1744.5110541992344,
  "Armenia": 1428.8442790905156,
  "Georgia": 1678.797327148672,
  "Azerbaijan": 1391.469085522434,
  "Kazakhstan": 1461.8018650676813,
  "Comoros": 1458.688853665885,
  "Maldives": 1089.3064214362828,
  "Tonga": 1135.0655128769188,
  "Tuvalu": 1225.2085684751935,
  "Kiribati": 1208.4882542793202,
  "Samoa": 1254.6978537709108,
  "Greenland": 1474.94803548639,
  "Liechtenstein": 1023.2883363497177,
  "Bhutan": 882.9712338492028,
  "South Yemen": 1481.6526044148961,
  "Niue": 1399.602631323798,
  "American Samoa": 977.5673462831492,
  "Belize": 1300.1869345091156,
  "Cayman Islands": 1110.5942736867405,
  "Anguilla": 942.3056100818857,
  "British Virgin Islands": 1045.9334330090924,
  "Palau": 1401.7383639357413,
  "Sint Maarten": 1301.8045175109155,
  "Namibia": 1438.429889178914,
  "Shetland": 1502.3947843713916,