{
  "Scotland": 1773.4082567196162,
  "England": 2050.2079689298316,
  "Wales": 1738.6097714326734,
  "Northern Ireland": 1625.7508214212264,
  "United States": 1891.054953140296,
  "Canada": 1843.773773655986,
  "Uruguay": 1915.7252371818001,
  "Argentina": 2158.0355303809606,
  "Austria": 1859.3950023785471,
  "Hungary": 1746.7011760299251,
  "Czechoslovakia": 1771.9031139550423,
  "Belgium": 1928.8512202650124,
  "France": 2099.0702578687656,
  "Switzerland": 1936.6652307081374,
  "Guernsey": 1749.6052016775857,
  "Alderney": 1089.224987615983,
  "Jersey": 1783.0485543226723,
  "Netherlands": 2010.078155364775,
  "Guyana": 1468.3815284007035,
  "Trinidad and Tobago": 1526.8146478654883,
  "South Africa": 1688.807826266403,
  "Germany": 2001.0987212529822,
  "Sweden": 1776.6767160816416,
  "Norway": 1930.1996110897005,
  "Denmark": 1893.6851382180064,
  "Italy": 1911.351914674072,
  "Chile": 1773.8271003802406,
  "Russia": 1817.9413483981493,
  "Finland": 1603.0922901232768,
  "Luxembourg": 1432.0013450642364,
  "Catalonia": 1609.243007793692,
  "Philippines": 1348.4476002943245,
  "China": 1563.3430511507167,
  "Brazil": 2061.486332031728,
  "Basque Country": 1758.301019761137,
  "Japan": 1985.5243160609969,
  "Paraguay": 1822.0379743747342,
  "Romania": 1680.4522954886625,
  "Greece": 1764.3522733788209,
  "Yugoslavia": 1809.844319255173,
  "Spain": 2142.2694954889253,
  "Egypt": 1815.6707255455567,
  "Estonia": 1432.265093951863,
  "Suriname": 1566.7513254103196,
  "Provence": 1529.8948743653232,
  "Costa Rica": 1729.4695889115249,
  "El Salvador": 1500.3787030516623,
  "Guatemala": 1617.875126195607,
  "Portugal": 2022.2717166406612,
  "Poland": 1764.5582907544403,
  "Brittany": 1502.1725083405909,
  "New Zealand": 1731.9832706740901,
  "Australia": 1875.9464403902853,
  "Latvia": 1340.1035423347028,
  "Galicia": 1517.532687180685,
  "Central Spain": 1496.2998516376285,
  "Mexico": 1960.453432493296,
  "Andalusia": 1568.0403976639243,
  "Asturias": 1512.4806686586983,
  "Lithuania": 1333.5487053082418,
  "Turkey": 1849.8749749510364,
  "Aruba": 1228.3683142662858,
  "Curaçao": 1601.5204853201292,
  "Bulgaria": 1529.5991796386372,
  "Republic of Ireland": 1722.7934036649185,
  "Haiti": 1645.1801976187003,
  "Jamaica": 1652.7457520328337,
  "Kenya": 1474.6450497515777,
  "Uganda": 1517.8075444281253,
  "Bolivia": 1671.7878922748291,
  "Peru": 1755.6358988827562,
  "Honduras": 1666.305238225371,
  "Belarus": 1532.1485712201602,
  "Ukraine": 1800.1670040086517,
  "Barbados": 1189.7689506422896,
  "Nicaragua": 1479.0632203577734,
  "Cuba": 1402.9946375194356,
  "Martinique": 1498.2301052811335,
  "Dominica": 1206.3080945874049,
  "Silesia": 1514.4542054480323,
  "Guadeloupe": 1523.722960962432,
  "Israel": 1651.3407705545674,
  "Indonesia": 1498.362017514411,
  "French Guiana": 1474.4471219751808,
  "Saint Lucia": 1259.5459465137785,
  "Colombia": 2037.7485636981266,
  "Panama": 1756.7661741895738,
  "Venezuela": 1779.7877830218038,
  "Ecuador": 1913.7648298104243,
  "Saint Kitts and Nevis": 1310.014571686336,
  "Grenada": 1305.0070034428445,
  "India": 1307.5297495069515,
  "Slovakia": 1695.4951717113029,
  "Manchukuo": 1431.0119665364014,
  "Croatia": 1930.0922608382032,
  "Lebanon": 1455.0052449273649,
  "Puerto Rico": 1377.9217241428064,
  "Afghanistan": 1229.3082222097626,
  "Iran": 1879.5414900333355,
  "Mongolia": 1057.0612290474642,
  "Tanzania": 1429.5408723242613,
  "Zimbabwe": 1464.6316917974987,
  "Zambia": 1542.0279190318251,
  "Iceland": 1602.1227966554047,
  "Albania": 1633.1372355207286,
  "Montenegro": 1511.432676962679,
  "Madagascar": 1491.4935557103233,
  "Mauritius": 1230.0011940074592,
  "Réunion": 1599.569362988516,
  "Zanzibar": 1551.1314352803738,
  "Djibouti": 1064.8205017583377,
  "Ethiopia": 1404.3787265994838,
  "DR Congo": 1726.2015996728896,
  "South Korea": 1832.2094120304694,
  "Vietnam": 1499.3029248899325,
  "Macau": 921.9745082898933,
  "Dominican Republic": 1476.6319370220247,
  "Cyprus": 1367.320233608848,
  "Sierra Leone": 1456.4696762543024,
  "Nigeria": 1836.034128675479,
  "Syria": 1583.0982044236737,
  "Serbia": 1777.4222718110818,
  "Taiwan": 1115.6752159919763,
  "Ghana": 1686.6202075127826,
  "Myanmar": 1159.9949731179013,
  "New Caledonia": 1622.1869096259177,
  "Vanuatu": 1479.668572694246,
  "Fiji": 1446.664276002003,
  "Pakistan": 1113.275246365612,
  "Sri Lanka": 1024.4155463428024,
  "German DR": 1700.005269529641,
  "Tahiti": 1537.636715428561,
  "Gambia": 1513.1040635388906,
  "Hong Kong": 1376.4912594446978,
  "Singapore": 1309.0831785734338,
  "Malaysia": 1482.856203106331,
  "Guinea-Bissau": 1379.9098924957095,
  "Saarland": 1460.523950097329,
  "Burundi": 1398.4113313526216,
  "Cameroon": 1709.0102169767108,
  "Kernow": 1577.7126112258004,
  "Cambodia": 1107.966253670741,
  "Thailand": 1558.9439576525458,
  "Vietnam Republic": 1396.370032332194,
  "Kyrgyzstan": 1456.6251135335103,
  "Moldova": 1303.3007964391902,
  "North Vietnam": 1505.5080360771874,
  "Togo": 1481.6873577907563,
  "North Korea": 1495.277465038711,
  "Sudan": 1450.7543471722977,
  "Malta": 1322.79966034744,
  "Tunisia": 1678.6895462872358,
  "Libya": 1533.2218954577986,
  "Malawi": 1444.7048570106228,
  "Morocco": 1971.6534287961672,
  "Benin": 1522.928101874883,
  "Cape Verde": 1672.7506753976438,
  "Ivory Coast": 1817.7301025596666,
  "Burkina Faso": 1641.2471385414017,
  "Gabon": 1534.5451902748505,
  "Congo": 1372.1169672600288,
  "Mali": 1695.7044947695344,
  "Central African Republic": 1365.2762728959158,
  "Iraq": 1695.2038357700453,
  "Saint Vincent and the Grenadines": 1352.9194432011566,
  "Senegal": 1847.6236568882236,
  "Laos": 980.5964008592363,
  "Chad": 1273.2818685370323,
  "Niger": 1463.0572512868587,
  "Mauritania": 1438.7558327789036,
  "Liberia": 1432.174332725817,
  "Guinea": 1569.3617132197724,
  "Kuwait": 1482.175231333733,
  "Jordan": 1715.5399135321118,
  "Algeria": 1856.0704119616446,
  "Papua New Guinea": 1484.2377001180666,
  "Solomon Islands": 1442.2913629600973,
  "Somalia": 1058.15108229453,
  "Saudi Arabia": 1692.8934442317068,
  "Bermuda": 1359.8598387368595,
  "Palestine": 1565.5785719499302,
  "Bahrain": 1558.9429128058832,
  "Yemen": 1314.7512036402784,
  "Oman": 1596.597557866276,
  "Wallis Islands and Futuna": 1316.7413965123856,
  "Corsica": 1543.5525580098608,
  "Western Australia": 1432.632589774795,
  "Eswatini": 1327.2844976410195,
  "Botswana": 1406.3014374386755,
  "Qatar": 1571.2323550914489,
  "Lesotho": 1396.2797775895372,
  "Bahamas": 1040.7688509666923,
  "Brunei": 933.3175830405597,
  "Cook Islands": 1167.8658510062426,
  "Yemen DPR": 1363.5304373926524,
  "United Arab Emirates": 1665.5280444783716,
  "Faroe Islands": 1395.733175899838,
  "Nepal": 1142.2237590602117,
  "Antigua and Barbuda": 1213.9064817390217,
  "Bangladesh": 1149.3332128437662,
  "Seychelles": 1040.1406057641327,
  "Equatorial Guinea": 1467.6245717424165,
  "Mozambique": 1478.8650602500513,
  "Guam": 1023.4136930562956,
  "Angola": 1573.5666604899436,
  "São Tomé and Príncipe": 1205.2682455833744,
  "Rwanda": 1455.545555349958,
  "Northern Cyprus": 1744.5094885191934,
  "Armenia": 1428.8395286969107,
  "Georgia": 1678.7925720061567,
  "Azerbaijan": 1391.4648330076168,
  "Kazakhstan": 1461.797516688472,
  "Comoros": 1458.6949015766136,
  "Maldives": 1089.2986061325078,
  "Tonga": 1135.0668580081206,
  "Kiribati": 1208.488260522482,
  "Tuvalu": 1225.2099015679091,
  "Samoa": 1254.6991655585962,
  "Greenland": 1474.9829422148082,
  "Liechtenstein": 1023.2834408186768,
  "Bhutan": 882.9625736553752,
  "South Yemen": 1481.6527247905744,
  "Niue": 1399.606117973955,
  "American Samoa": 977.5696105078622,
  "Belize": 1300.1927594037022,
  "Cayman Islands": 1110.590041950087,
  "Anguilla": 942.2210718016196,
  "British Virgin Islands": 1045.9278643983928,
  "Palau": 1401.7440102495711,
  "Sint Maarten": 1301.8073065201745,
  "Namibia": 1438.4341884044022,
  "Shetland": 1502.3880039069786,